/*
Navicat MySQL Data Transfer

Source Server         : rj
Source Server Version : 50173
Source Host           : bdm268446575.my3w.com:3306
Source Database       : bdm268446575_db

Target Server Type    : MYSQL
Target Server Version : 50173
File Encoding         : 65001

Date: 2017-09-30 14:25:21
*/

SET FOREIGN_KEY_CHECKS=0;

-- ----------------------------
-- Table structure for rj_centerlist
-- ----------------------------
DROP TABLE IF EXISTS `rj_centerlist`;
CREATE TABLE `rj_centerlist` (
  `id` int(10) unsigned NOT NULL AUTO_INCREMENT,
  `listname` varchar(255) CHARACTER SET utf8 DEFAULT NULL,
  PRIMARY KEY (`id`)
) ENGINE=MyISAM AUTO_INCREMENT=25 DEFAULT CHARSET=gbk ROW_FORMAT=DYNAMIC;

-- ----------------------------
-- Records of rj_centerlist
-- ----------------------------
INSERT INTO `rj_centerlist` VALUES ('20', '装机必备');
INSERT INTO `rj_centerlist` VALUES ('3', '热门专题');
INSERT INTO `rj_centerlist` VALUES ('24', '游戏天地');

-- ----------------------------
-- Table structure for rj_comment
-- ----------------------------
DROP TABLE IF EXISTS `rj_comment`;
CREATE TABLE `rj_comment` (
  `id` int(10) unsigned NOT NULL AUTO_INCREMENT,
  `time` int(10) unsigned DEFAULT NULL,
  `content` text CHARACTER SET utf8 COMMENT '评论内容',
  `softid` int(10) unsigned DEFAULT NULL COMMENT '评论的软件id',
  `type` tinyint(5) unsigned NOT NULL DEFAULT '1' COMMENT '1：对软件的评论 2：提交软件',
  `name` varchar(64) CHARACTER SET utf8 DEFAULT NULL COMMENT '评论人姓名',
  `phone` varchar(64) CHARACTER SET utf8 DEFAULT NULL COMMENT '评论人联系方式 电话/email',
  `softname` varchar(255) NOT NULL COMMENT '软件名称',
  `status` tinyint(1) NOT NULL DEFAULT '1' COMMENT '是否回复',
  PRIMARY KEY (`id`)
) ENGINE=MyISAM AUTO_INCREMENT=73 DEFAULT CHARSET=gbk;

-- ----------------------------
-- Records of rj_comment
-- ----------------------------

-- ----------------------------
-- Table structure for rj_download
-- ----------------------------
DROP TABLE IF EXISTS `rj_download`;
CREATE TABLE `rj_download` (
  `id` int(10) unsigned NOT NULL AUTO_INCREMENT,
  `name` varchar(100) CHARACTER SET utf8 DEFAULT NULL COMMENT '软件名',
  `img2` varchar(100) CHARACTER SET utf8 DEFAULT NULL COMMENT '软件大图',
  `img1` varchar(100) CHARACTER SET utf8 DEFAULT NULL COMMENT '软件缩略图',
  `downnum` int(10) unsigned DEFAULT '0' COMMENT '历史点击数量',
  `mouthnum` int(10) unsigned DEFAULT '0' COMMENT '月点击数量',
  `typeid` int(10) unsigned DEFAULT NULL COMMENT '分类id',
  `centerid` int(10) unsigned DEFAULT '0' COMMENT '中部分类id',
  `biref` text CHARACTER SET utf8 COMMENT '软件描述',
  `filesize` int(8) unsigned DEFAULT NULL COMMENT '软件大小',
  `bit` varchar(32) CHARACTER SET utf8 DEFAULT NULL COMMENT '支持系统',
  `time` int(11) unsigned DEFAULT NULL,
  `edition` varchar(64) CHARACTER SET utf8 DEFAULT NULL COMMENT '软件版本',
  `href` varchar(255) CHARACTER SET utf8 DEFAULT NULL COMMENT '软件下载路径',
  `back` varchar(255) CHARACTER SET utf8 DEFAULT '待测试' COMMENT '系统支持',
  PRIMARY KEY (`id`)
) ENGINE=MyISAM AUTO_INCREMENT=89 DEFAULT CHARSET=gbk ROW_FORMAT=DYNAMIC;

-- ----------------------------
-- Records of rj_download
-- ----------------------------
INSERT INTO `rj_download` VALUES ('76', 'YY语音', '/uploadfile/asdfliaotianhjkl/YY_D.png', '/uploadfile/asdfliaotianhjkl/YY_X.png', '0', '0', '1', '20', '<p>功能简介</p><p>YY语音，是广州多玩信息技术有限公司研发的一款基于Internet 团队语音通信平台，功能强大、音质清晰、安全稳定、不占资源、适应游戏玩家的免费语音软件。在网络上通常用YY表示。</p><p>开发商：多玩游戏</p><p>软件官网： http://www.yy.com/index/t/download</p><p>新版特征</p><p>1、优化了部分内容。</p><p><br/></p>', '0', '32/64', '1505999518', '8.28.0.0', 'http://sw.bos.baidu.com/sw-search-sp/software/6a34dcb8749ab/YYSetup-8.28.0.0.exe', 'WinXP/Win2003/Vista/Win7/Win8//Win10');
INSERT INTO `rj_download` VALUES ('68', '360安全卫士', '/uploadfile/asdf360hjkl/360safe_D.png', '/uploadfile/asdf360hjkl/360safe_X.png', '7', '7', '12', '20', '<p>360安全卫士，是一款由奇虎360推出的上网安全软件，因其方便实用，目前用户量已接近4亿。360安全卫士拥有查杀木马、清理插件、修复漏洞、电脑体检、保护隐私等多种功能，并独创了“木马防火墙”“360密盘”等功能，依靠抢先侦测和云端鉴别，可全面、智能地拦截各类木马，保护用户的帐号、隐私等重要信息。</p><p>开发商：北京奇虎科技有限公司</p><p>软件官网： http://www.360.cn/weishi/index.html</p><p>新版特征</p><p>【云查杀】</p><p>1.更新AVE病毒库，及时查杀最新病毒。</p><p>2.快速查杀暗云等各类木马病毒，保护系统安全。</p><p>【网盾】</p><p>1.支持更多win10版本，保护win10用户上网安全。</p><p><br/></p>', '0', '32/64', '1505721753', '11.4.0.2001', 'http://dl.360safe.com/netunion/20140425/360safe+166355+n2ac2e2e891.exe', 'WinXP/Win2003/Vista/Win7/Win8//Win10');
INSERT INTO `rj_download` VALUES ('67', '少年群侠传', '/uploadfile/asdf2345hjkl/snqxz_D.png', '/uploadfile/asdf2345hjkl/snqxz_X.png', '0', '0', '3', '24', '<p>杨洋重磅代言，新生代撩妹网游。首款Q萌少年武侠网游巨作！骑战冲锋、专属技能、震屏大招激发爽快体验；炫酷神器、后宫养成、幻化换装演绎特色成长；特色坐骑、帮会群战、即时PK带来欢乐社交。</p>', '3', '32/64', '1505664252', 'V1.0.0', '/uploadfile/asdf2345hjkl/snqxz_k1144369_197115.exe', 'WinXP/Win2003/Vista/Win7/Win8//Win10');
INSERT INTO `rj_download` VALUES ('69', '360杀毒', '/uploadfile/asdf360hjkl/360sd_D.png', '/uploadfile/asdf360hjkl/360sd_X.png', '1', '1', '12', '20', '<p>360杀毒，是360安全中心出品的一款免费的云安全杀毒软件。360杀毒具有以下优点：查杀率高、资源占用少、升级迅速等等。同时，360杀毒可以与其他杀毒软件共存，是一个理想杀毒备选方案。360杀毒是一款一次性通过VB100认证的国产杀软。</p><p>开发商：奇虎360</p><p>软件官网： http://sd.360.cn/</p><p>新版特征</p><p>1、有效防御LNK文件CVE-2017-8464漏洞；</p><p>2、弹窗过滤白皮书参考权威法规标准。</p><p><br/></p>', '0', '32/64', '1505722115', '5.0.0.8061', 'http://dl.360safe.com/netunion/20140425/360sd_166355.exe', 'WinXP/Win2003/Vista/Win7/Win8//Win10');
INSERT INTO `rj_download` VALUES ('70', '360安全浏览器', '/uploadfile/asdf360hjkl/360se_D.png', '/uploadfile/asdf360hjkl/360se_X.png', '0', '0', '6', '20', '<p>360安全浏览器是一款小巧、快速、安全、功能强大的多窗口浏览器，它是完全免费，没有任何功能限制的绿色软件，最全的恶意网址库，最新的云安全引擎，安全红绿灯全面拦截木马病毒网站；360浏览器还可通过搜索引擎保护自动标识搜索结果页中的风险网站。</p><p>开发商：奇虎360</p><p>软件官网： http://se.360.cn/</p><p>新版特征</p><p>1、优化新标签页；</p><p>2、新增网银小金库功能；</p><p>3、修复BUG及崩溃。</p><p><br/></p>', '0', '32/64', '1505722195', '9.2.0.200', 'http://dl.360safe.com/netunion/20140425/360se+166355+n2ac2e2e891.exe', 'WinXP/Win2003/Vista/Win7/Win8//Win10');
INSERT INTO `rj_download` VALUES ('71', '手心浏览器', '/uploadfile/asdf360hjkl/sxie_D.png', '/uploadfile/asdf360hjkl/sxie_X.png', '0', '0', '6', '3', '<p>手心浏览器是一款基于IE内核的轻量级网页浏览器，它的特点是占用内存极少，打开网页飞快，性能稳定，几乎不崩溃。而且手心浏览器拥有清新简约的界面，包含了如地址浏览器栏、搜索栏、收藏夹、历史记录、下载器等等基本功能。</p><p><br/></p><p>软件特色：</p><p><br/></p><p>1、界面清新简约；</p><p><br/></p><p>2、占用内存少，体积小巧；</p><p><br/></p><p>3、上网不卡，打开网页飞快；</p><p><br/></p><p>4、性能稳定，少崩溃。</p><p><br/></p>', '2', '32/64', '1505665496', 'V1.0.0.1045', '/uploadfile/asdf360hjkl/sxie+166355+n2ac2e2e891.exe', 'WinXP/Win2003/Vista/Win7/Win8//Win10');
INSERT INTO `rj_download` VALUES ('72', '2345一键安装合集', '/uploadfile/asdf2345hjkl/p3_k1144369_D.png', '/uploadfile/asdf2345hjkl/p3_k1144369_X.png', '24', '24', '21', '3', '<p>2345一键安装合集标准版是为了方便广大技术员快捷地推广2345产品、快速赚钱而倾力打造的软件。 集成了2345网址导航、2345加速浏览器、2345安全卫士、腾讯电脑管家、2345好压（不计费）、2345看图王、酷我音乐、爱奇艺等能赚钱的计费产品。所有软件可以根据您的需求，自由勾选，一键安装！ &nbsp; &nbsp;</p><p><br/></p><p>· 功能介绍：</p><p>1、一键安装，自动锁主页：2345安全卫士，全面支持Win10，并且会自动锁定浏览器和您的推广链接！</p><p>2、强效反劫持：2345加速浏览器，强效反劫持，保护您的主页！了解详情</p><p>3、自动安装功能：勾选“下次自动安装”，下次打开时，合集将倒计时15秒后自动安装并自动消失。</p><p>4、可在桌面生成电子名片：维护客户更方便，帮您赚更多。如何使用</p><p>注：合集每月更新1次，旧版本正常计费。为保证用户体验，建议大家每60天更新一次合集。2016年8月1日起，联盟将对过旧版本的2345软件停止计费，请尽快更新最新版合集！</p><p><br/></p>', '0', '32/64', '1505720760', '17.8.2.1001', 'https://jifendownload.2345.cn/jifen_2345/p3_k1144369_AsSTcUNYQskxHsxTuYm_v17.8.1.exe', 'WinXP/Win2003/Vista/Win7/Win8//Win10');
INSERT INTO `rj_download` VALUES ('77', '阿里旺旺买家版 ', '/uploadfile/asdfliaotianhjkl/aliwangwang_D.png', '/uploadfile/asdfliaotianhjkl/aliwangwang_X.png', '0', '0', '1', '20', '<p>阿里旺旺买家版，阿里旺旺专为淘宝会员量身定做的个人交易沟通软件，方便买家和卖家在交易过程实时进行沟通。可以进行文字聊天、语音聊天、视频聊天、文件传输、发送离线文件等。</p><p>开发商：阿里巴巴</p><p>软件官网： http://www.taobao.com/wangwang/</p><p>新版特征</p><p>1. 全新界面，清晰的圆形头像、轻薄的图标设计、界面结构更加简洁；</p><p>2. 全新会话面板，汇总各类消息提醒，处理更高效；&nbsp;</p><p>3. 皮肤设置升级，新增多款皮肤主题，带给你全新感觉；</p><p>4. 拟物化登陆动画，简洁、灵动，一试难忘；</p><p>5. 新增”星标好友“分组，方便找到重要联系人；</p><p>6. 主面板新增快捷店铺入口，快速访问好友店铺；</p><p>7. 消息管理器优化，重新梳理消息类型和菜单项，分类清晰.查找便捷；</p><p>8. 旺旺个人资料和名片全新设计，支持设置个性背景图；</p><p>9. 软件升级优化，让您第一时间了解新版本的功能；</p><p>10. 文件发送完成后自动关闭发送框，在聊天窗口中实时穿透传输结果；</p><p>11. 聊天窗口合并优化，同时和多人聊天更方便；</p><p>12. 应用平台全新升级，访问更便捷，应用消息更直观。</p><p><br/></p>', '0', '32/64', '1505999496', '2.0.0.1', 'http://sw.bos.baidu.com/sw-search-sp/software/fbab750b75fd5/AliIM2017_taobao_9.11.02C.exe', 'WinXP/Win2003/Vista/Win7/Win8//Win10');
INSERT INTO `rj_download` VALUES ('65', '腾讯视频', '/uploadfile/asdf2345hjkl/qqlive_D.png', '/uploadfile/asdf2345hjkl/qqlive_X.png', '0', '0', '2', '20', '<p>腾讯视频，是腾讯视频旗下的客户端产品，是一款支持丰富内容的在线点播及电视台直播的软件。它采用了先进的P2P流媒体播放技术，可以确保在大量用户同时观看节目的情况下，节目依然流畅清晰；同时具有很强的防火墙穿透能力，为用户在任何网络环境下收看流畅的视频节目提供了有力保障。</p><p>开发商：腾讯科技（北京）有限公司</p><p>软件官网： http://v.qq.com/index.html</p><p>新版特征</p><p>1、站外播放器优化，体验更流畅；</p><p>2、优化离线下载，节省存储空间；</p><p>3、蓝光画质优化，客户端专享；</p><p>4、优化播放缓冲和内存占用。</p><p><br/></p>', '0', '32/64', '1505722345', '10.2.374.0', 'https://jifendownload.2345.cn/jifen_2345/qqlive_k1144369_319200.exe', 'WinXP/Win2003/Vista/Win7/Win8//Win10');
INSERT INTO `rj_download` VALUES ('66', '腾讯电脑管家', '/uploadfile/asdf2345hjkl/qqpcmgr_D.png', '/uploadfile/asdf2345hjkl/qqpcmgr_X.png', '1', '1', '12', '20', '<p>腾讯电脑管家，是腾讯公司推出的一款免费安全软件，能有效预防和解决计算机上常见的安全风险。拥有云查杀木马，系统加速，漏洞修复，实时防护，网速保护，电脑诊所，健康小助手，强力卸载等功能，且独创了“管理+杀毒”二合一的开创性功能，依托小红伞(antivir)国际顶级杀毒引擎、腾讯云引擎等四核专业引擎查杀，完美解决杀毒修复问题，全方位保障用户上网安全。电脑管家还是一次性通过VB100认证的国产杀软，首次参加AVC测评即获性能最佳评级。目前最新版已经实现查杀二合一，也是中国的首款二合一反病毒软件，安全管家。</p><p>开发商：腾讯</p><p>软件官网： http://guanjia.qq.com/</p><p>新版特征</p><p>1、全新电脑管家12.8，网络安全现状严峻，文档保护保驾护航。</p><p><br/></p>', '0', '32/64', '1505722280', '12.8.19072.214', 'https://jifendownload.2345.cn/jifen_2345/qqpcmgr_k1144369_120138115.exe', 'WinXP/Win2003/Vista/Win7/Win8//Win10');
INSERT INTO `rj_download` VALUES ('54', '2345王牌浏览器', '/uploadfile/asdf2345hjkl/2345explorer_D.png', '/uploadfile/asdf2345hjkl/2345explorer_X.png', '6', '6', '6', '20', '<p class=\"message info\" style=\"margin-top: 0px; margin-bottom: 0px; padding: 0px; font-size: 12px; line-height: 24px; color: rgb(102, 102, 102); font-family: &#39;Microsoft YaHei&#39;; white-space: normal; background-color: rgb(255, 255, 255);\">2345王牌浏览器，采用Chromium和IE双内核，主打极速与安全特性，基于Chromium深度定制，引入网页智能预加载技术，访问网页更快速，其双内核引擎可智能切换，匹配不同网页，极速浏览的同时也确保兼容性。全新打造云安全中心，为千万用户保驾护航。</p><p style=\"margin-top: 0px; margin-bottom: 0px; padding: 0px; color: rgb(51, 51, 51); font-family: &#39;Microsoft YaHei&#39;; font-size: 14px; line-height: 24px; white-space: normal; background-color: rgb(255, 255, 255);\">开发商：上海二三四五网络科技有限责任公司</p><p style=\"margin-top: 0px; margin-bottom: 0px; padding: 0px; color: rgb(51, 51, 51); font-family: &#39;Microsoft YaHei&#39;; font-size: 14px; line-height: 24px; white-space: normal; background-color: rgb(255, 255, 255);\">软件官网：&nbsp;<a class=\"m_link\" href=\"http://ie.2345.com/\" target=\"_blank\" style=\"border: none; text-decoration: none; cursor: pointer; margin: 0px; padding: 0px; outline: none; color: rgb(53, 155, 237);\">http://ie.2345.com/</a></p><p style=\"margin-top: 0px; margin-bottom: 0px; padding: 0px; color: rgb(51, 51, 51); font-family: &#39;Microsoft YaHei&#39;; font-size: 14px; line-height: 24px; white-space: normal; background-color: rgb(255, 255, 255);\">新版特征</p><p class=\"message new_msg\" style=\"margin-top: 0px; margin-bottom: 0px; padding: 0px; font-size: 12px; line-height: 24px; color: rgb(102, 102, 102); font-family: &#39;Microsoft YaHei&#39;; white-space: normal; background-color: rgb(255, 255, 255);\">1、下载模块重构，下载速度更快更稳定；<br/>1、浏览器与2345网页，实现快速联合登录；<br/>2、增加断网急救箱模块，有效修复无法上网问题；<br/>3、提高页面关闭的响应速度，页面关闭更快更流畅；<br/>4、新建标签可以选择打开主页，更便捷的访问热门网站。</p><p><br/></p>', '0', '32/64', '1505722554', '8.62.15784', 'https://jifendownload.2345.cn/jifen_2345/2345explorer_k1144369.exe', 'WinXP/Vista/Win7/Win8');
INSERT INTO `rj_download` VALUES ('74', '微信', '/uploadfile/asdfliaotianhjkl/weixin_D.png', '/uploadfile/asdfliaotianhjkl/weixin_X.png', '1', '1', '1', '3', '<p>微信，是一个生活方式。 超过三亿人使用的聊天应用,现在登录Windows桌面。代替微信网页版，你可以在Windows上使用微信，快速高效地收发消息，轻松愉快地和朋友畅谈，让沟通更方便。</p><p>开发商：腾讯</p><p>软件官网： http://weixin.qq.com/</p><p>新版特征</p><p>1.聊天中的图片或文件可以批量保存；</p><p>2.聊天框中输入文字，可推荐多个表情；</p><p>3.视频消息可在微信内播放；</p><p>4.群聊详情信息更为丰富；</p><p>5.搜索联系人和群聊优化。</p><p><br/></p>', '0', '32/64', '1505999472', '2.4.5.1', 'http://sw.bos.baidu.com/sw-search-sp/software/e47b0c5f6ee2a/WeChatSetup.exe', 'WinXP/Win2003/Vista/Win7/Win8//Win10');
INSERT INTO `rj_download` VALUES ('55', '2345影视大全桌面版', '/uploadfile/asdf2345hjkl/ico_movie_D.png', '/uploadfile/asdf2345hjkl/ico_movie_X.png', '1', '1', '2', '20', '<p class=\"message info\" style=\"margin-top: 0px; margin-bottom: 0px; padding: 0px; font-size: 12px; line-height: 24px; color: rgb(102, 102, 102); font-family: &#39;Microsoft YaHei&#39;; white-space: normal; background-color: rgb(255, 255, 255);\">2345电视剧大全为您提供2017新电视剧排行榜,韩国电视剧、泰国电视剧、香港TVB全新电视剧排行榜、好看的电视剧等热播电视剧排行榜,并提供免费高清电视剧下载及在线观看。</p><p style=\"margin-top: 0px; margin-bottom: 0px; padding: 0px; color: rgb(51, 51, 51); font-family: &#39;Microsoft YaHei&#39;; font-size: 14px; line-height: 24px; white-space: normal; background-color: rgb(255, 255, 255);\">开发商：2345.com</p><p style=\"margin-top: 0px; margin-bottom: 0px; padding: 0px; color: rgb(51, 51, 51); font-family: &#39;Microsoft YaHei&#39;; font-size: 14px; line-height: 24px; white-space: normal; background-color: rgb(255, 255, 255);\">软件官网：&nbsp;<a class=\"m_link\" href=\"http://dianying.2345.com/desk/\" target=\"_blank\" style=\"border: none; text-decoration: none; cursor: pointer; margin: 0px; padding: 0px; outline: none; color: rgb(53, 155, 237);\">http://dianying.2345.com/desk/</a></p><p style=\"margin-top: 0px; margin-bottom: 0px; padding: 0px; color: rgb(51, 51, 51); font-family: &#39;Microsoft YaHei&#39;; font-size: 14px; line-height: 24px; white-space: normal; background-color: rgb(255, 255, 255);\">新版特征</p><p class=\"message new_msg\" style=\"margin-top: 0px; margin-bottom: 0px; padding: 0px; font-size: 12px; line-height: 24px; color: rgb(102, 102, 102); font-family: &#39;Microsoft YaHei&#39;; white-space: normal; background-color: rgb(255, 255, 255);\">对部分功能进行了优化</p><p><br/></p>', '1', '32/64', '1505658402', '9.0.0.1060', '/uploadfile/asdf2345hjkl/2345_k1144369_movie.exe', 'WinXP/Vista/Win7/Win8/Win10');
INSERT INTO `rj_download` VALUES ('56', '蓝月传奇', '/uploadfile/asdf2345hjkl/big_lycq_D.png', '/uploadfile/asdf2345hjkl/big_lycq_X.png', '2', '2', '3', '24', '<p>37《蓝月传奇》是一款大型多人APRG游戏，可以提供多人在虚拟场景内娱乐、探索、社群的功能。采用全2.5D图像技术，通过即时的光影成像技术，营造亦真亦幻的游戏世界。</p><p><br/></p><p>　　----- 37《蓝月传奇》游戏官网 http://www.37.com/lycq/ -----</p><p><br/></p><p>　　《蓝月传奇》是一款多人在线的大型即时制角色扮演类（ARPG类型）网页游戏。</p><p>　　本网络游戏的前端采用最新流行的Flash富媒体技术，后端采用C++服务器平台，设计合理，系统稳定，支持大量用户的同时在线。游戏通过socket数据同步技术，设计了友好的人机交互界面，再现了游戏背景传说中宏大的战争场面。玩家可以在游戏的虚拟世界中与同伴尽情冒险，成就一个强者的成长之路。游戏画质精美，玩法多样，运行流畅，带给玩家各种酣畅淋漓的游戏体验和乐趣。</p><p>　　本软件研发团队秉承以用户为本的开发理念，深入各类用户群体中进行深度调研，知用户所想，圆用户所求，采用了大量绚丽的写实场景，富有魔幻色彩的华丽羽翼，提供了别具特色的帮会战，特色副本，极品装备系统，英雄合击系统，符文系统等，让游戏与众不同。</p><p>　　用户可以在本游戏中征战天下，鹰击长空，广结豪强，戎马称雄。我们的目标是让用户玩得开心、玩得放心。</p><p>　　精英团队，完美构架，倾力打造，必为精品。</p><p><br/></p><p style=\"margin-top: 0px; margin-bottom: 0px; padding: 0px; color: rgb(51, 51, 51); font-family: &#39;Microsoft YaHei&#39;; font-size: 14px; line-height: 24px; white-space: normal; background-color: rgb(255, 255, 255);\">开发商：三七互娱旗下·上海硬通网络科技有限公司</p><p style=\"margin-top: 0px; margin-bottom: 0px; padding: 0px; color: rgb(51, 51, 51); font-family: &#39;Microsoft YaHei&#39;; font-size: 14px; line-height: 24px; white-space: normal; background-color: rgb(255, 255, 255);\">软件官网：&nbsp;<a class=\"m_link\" href=\"http://mir.37.com/\" target=\"_blank\" style=\"border: none; text-decoration: none; cursor: pointer; margin: 0px; padding: 0px; outline: none; color: rgb(53, 155, 237);\">http://www.37.com/lycq/</a></p><p style=\"margin-top: 0px; margin-bottom: 0px; padding: 0px; color: rgb(51, 51, 51); font-family: &#39;Microsoft YaHei&#39;; font-size: 14px; line-height: 24px; white-space: normal; background-color: rgb(255, 255, 255);\">新版特征</p><p class=\"message new_msg\" style=\"margin-top: 0px; margin-bottom: 0px; padding: 0px; font-size: 12px; line-height: 24px; color: rgb(102, 102, 102); font-family: &#39;Microsoft YaHei&#39;; white-space: normal; background-color: rgb(255, 255, 255);\">对部分功能进行了优化</p><p><br/></p>', '0', '32/64', '1505721929', '5.0.0.1', 'https://jifendownload.2345.cn/jifen_2345/lycq_k1144369_197304.exe', 'WinXP/Win7/Win8/Win10');
INSERT INTO `rj_download` VALUES ('73', '360一键装机集合', '/uploadfile/asdf360hjkl/360yjzj1_D.png', '/uploadfile/asdf360hjkl/360yjzj1_X.png', '6', '6', '21', '3', '<p><span style=\"color: rgb(51, 51, 51); font-family: &#39;Microsoft YaHei&#39;, SimSun, Tahoma, Verdana, Arial, sans-serif; line-height: 40px; text-align: justify;\">360一键装机集合包可以方便快捷的为您的电脑系统安装常用必备软件，可以为我们节省不少的时间，所有软件均来自于360打包，安全无毒，适合在刚重装或者新装的系统，这些软件都经过杀毒，用户可以放心下载使用！</span><br/><span style=\"color: rgb(51, 51, 51); font-family: &#39;Microsoft YaHei&#39;, SimSun, Tahoma, Verdana, Arial, sans-serif; line-height: 40px; text-align: justify;\">包含软件：</span><br/><span style=\"color: rgb(51, 51, 51); font-family: &#39;Microsoft YaHei&#39;, SimSun, Tahoma, Verdana, Arial, sans-serif; line-height: 40px; text-align: justify;\">360安全卫士、360杀毒、360安全浏览器、暴风影音、酷我音乐、360压缩、手心输入法、迅雷、腾讯QQ、酷狗音乐、鲁大师、爱奇艺、手心浏览器</span></p>', '0', '32/64', '1505720886', '1.0.0.1150', 'http://dl.360safe.com/netunion/20140425/360yjzj1+66355+n2ac2e2e891.exe', 'WinXP/Win2003/Vista/Win7/Win8//Win10');
INSERT INTO `rj_download` VALUES ('57', '2345看图王', '/uploadfile/asdf2345hjkl/2345pic_D.png', '/uploadfile/asdf2345hjkl/2345pic_X.png', '0', '0', '10', '20', '<p>2345看图王，是强大的图片浏览管理软件。 完整支持所有主流图片格式的浏览，管理，并对其进行编辑。支持文件夹内的图片翻页、缩放、打印。独家支持GIF等多帧图片的播放与单帧保存。支持全屏查看与幻灯片查看。提供缩略图预览，可一次性预览当前目录下所有图片。</p><p>开发商：2345.com</p><p>软件官网： http://pic.2345.com</p><p>新版特征</p><p>新增功能</p><p>1. 新增PDF注释功能，高亮、下划线、笔记，随心记录阅读感悟；</p><p>2. 支持查看PDF预览，快速定位到想看的内容；</p><p>3. 增加回到顶部按钮，使用更方便。</p><p>体验优化</p><p>1. 支持PDF缩放比自定义，101.5%也可以。</p><p>修复问题</p><p>1. 修复PSD缩略图显示异常的问题。</p><p>您可能感兴趣的分类热门</p><p><br/></p>', '0', '32/64', '1505722528', '8.1.1.8107', 'https://jifendownload.2345.cn/jifen_2345/2345pic_k1144369.exe', 'WinXP/Win2003/Vista/Win7/Win8//Win10');
INSERT INTO `rj_download` VALUES ('64', '酷我音乐2017', '/uploadfile/asdf2345hjkl/kwmusic_D.png', '/uploadfile/asdf2345hjkl/kwmusic_X.png', '0', '0', '11', '20', '<p>酷我音乐，是融歌曲和MV搜索、在线播放、同步歌词为一体的音乐聚合播放器。整合了互联网上百万首歌曲、MV、歌词和写真，每周更新百张以上专辑。应用多资源超线程技术，令歌曲和MV一点即播，无需等待。</p><p>开发商：北京酷我科技有限公司</p><p>软件官网： http://mbox.kuwo.cn/</p><p>新版特征</p><p>1、海量曲库，新歌热歌持续更新；</p><p>2、超高音质试听及下载，更有智能美音音效；</p><p>3、整体性能提升，软件运行更稳定。</p><p><br/></p>', '0', '32/64', '1505722073', '8.7.3.0', 'https://jifendownload.2345.cn/jifen_2345/kwmusic_k1144369_266171_v8.7.exe', 'WinXP/Win2003/Vista/Win7/Win8//Win10');
INSERT INTO `rj_download` VALUES ('58', '2345王牌输入法', '/uploadfile/asdf2345hjkl/2345pinyin_D.png', '/uploadfile/asdf2345hjkl/2345pinyin_X.png', '1', '1', '9', '20', '<p>2345王牌输入法，是上海二三四五网络科技股份有限公司于2014年7月推出的一款PC端中文输入软件。输入法专注于输入本质，倡导纯净输入，关注核心体验，输入速度快，准确度高。用心提供最全词库，并保证词库每周更新。</p><p>开发商：上海二三四五网络科技有限责任公司</p><p>软件官网： http://pinyin.2345.com/</p><p>新版特征</p><p>优化内容：</p><p>1.优化搜索联想，支持上下文联想，搜索更方便；</p><p>2.更换默认皮肤，全新UI界面；</p><p>3.优化词库格式，提升候选词显示速度；</p><p>4.修复若干bug，打字输入更加稳定。</p><p><br/></p>', '0', '32/64', '1505722477', '4.6.1.5804', 'https://jifendownload.2345.cn/jifen_2345/2345pinyin_k1144369.exe', 'WinXP/Win2003/Vista/Win7/Win8//Win10');
INSERT INTO `rj_download` VALUES ('61', '爱奇艺影音', '/uploadfile/asdf2345hjkl/iqiyi_D.png', '/uploadfile/asdf2345hjkl/iqiyi_X.png', '0', '0', '2', '20', '<p>爱奇艺PPS影音，是全球第一家集P2P直播点播于一身的网络电视软件。爱奇艺PPS影音播放流畅、完全免费，是网民喜爱的装机必备软件。</p><p>开发商：PPS网络电视</p><p>软件官网： http://www.pps.tv/</p><p>新版特征</p><p>1． 播放器界面优化；</p><p>2． 播放性能优化；</p><p>3． 精简安装包；</p><p>4． 若干BUG修复。</p><p><br/></p>', '0', '32/64', '1505722429', '5.0.0.1', 'https://jifendownload.2345.cn/jifen_2345/iqiyi_k1144369_216387.exe', 'WinXP/Win2003/Vista/Win7/Win8//Win10');
INSERT INTO `rj_download` VALUES ('62', '2345安全卫士', '/uploadfile/asdf2345hjkl/2345pcsafe_D.png', '/uploadfile/asdf2345hjkl/2345pcsafe_X.png', '3', '3', '12', '20', '<p>2345安全卫士是上海二三四五网络科技股份有限公司旗下的安全类软件，集电脑体检、木马查杀、垃圾清理、漏洞修复、系统加速、软件管理等功能为一体，有效保护用户电脑，为用户提供安全可靠的上网环境。</p><p>开发商：上海二三四五网络科技有限责任公司</p><p>软件官网： http://safe.2345.com/</p><p>新版特征</p><ol class=\" list-paddingleft-2\" style=\"list-style-type: decimal;\"><li><p>新增电脑报修功能，快速解决疑难问题；</p></li><li><p>增强捆绑安装拦截功能，拦截恶意推广的软件；</p></li><li><p>优化了电脑体检、垃圾清理、优化加速、测网速等功能，提升用户体验。</p></li></ol>', '0', '32/64', '1505722390', '3.1.0.7945', 'https://jifendownload.2345.cn/jifen_2345/2345pcsafe_k1144369.exe', 'WinXP/Win2003/Vista/Win7/Win8//Win10');
INSERT INTO `rj_download` VALUES ('63', 'QQ', 'http://img1sw.baidu.com/soft/3a/12350/84fd40baf7864cbde2a6c04e1241924b.jpg', 'http://img5sw.baidu.com/soft/3a/12350/e7fbddcffeab7e09a190679bf52266d7.png?version=1951953369', '2', '2', '1', '20', '<p>QQ，腾讯推出的即时通讯工具。支持在线聊天、视频电话、点对点断点续传文件、共享文件、网络硬盘、自定义面板、QQ邮箱等多种功能。免费的通讯平台，QQ2015年给您带来更多沟通乐趣</p><p>开发商：腾讯</p><p>软件官网： http://im.qq.com/pcqq/</p><p>新版特征</p><p>1、全新视觉，简约界面乐享沟通；</p><p>2、消息列表支持自由调整，简约体验轻松聊天；</p><p>3、面板新增游戏中心入口，无需安装即时畅玩；</p><p>4、视频通话趣味聊，动态挂件，乐趣不断；</p><p>5、群助手可在会话面板中打开。</p><p><br/></p>', '0', '32/64', '1505999758', '8.9.4.21603', 'http://sw.bos.baidu.com/sw-search-sp/software/1f23f7071f7c1/QQ_8.9.4.21603_setup.exe', 'WinXP/Win2003/Vista/Win7/Win8//Win10');
INSERT INTO `rj_download` VALUES ('78', '千牛', '/uploadfile/asdfliaotianhjkl/qianniu_D.png', '/uploadfile/asdfliaotianhjkl/qianniu_X.png', '0', '0', '1', '3', '<p>千牛（原阿里旺旺卖家版），为阿里巴巴官方出品的卖家一站式千牛工作台，分为电脑和手机两个版本，其核心是为卖家整合：店铺管理工具、经营资讯消息、商业伙伴关系，借此提升卖家的经营效率，促进彼此间的合作共赢，让卖家可以更加便捷和高效的管理店铺，让生意游刃有余。</p><p>开发商：阿里巴巴（中国）有限公司</p><p>软件官网： http://work.taobao.com/</p><p>新版特征</p><p>1.新增管理员群@all功能；</p><p>2.子账号新增批量转发功能；</p><p>3.支持搜索黑名单用户直接添加好友。</p><p><br/></p>', '74', '32/64', '1505737632', '2.8.10.0', 'http://sw.bos.baidu.com/sw-search-sp/software/dab6d55701cf0/qianniu_6.00.03N_2.8.10.0.exe', 'WinXP/Win2003/Vista/Win7/Win8//Win10');
INSERT INTO `rj_download` VALUES ('79', ' QT语音', '/uploadfile/asdfliaotianhjkl/QT_D.png', '/uploadfile/asdfliaotianhjkl/QT_X.png', '0', '0', '1', '0', '<p>QT语音支持多人语音交流的团队语音通信工具，主要面向需团队协作的游戏用户，也适用于需多人语音沟通的办公和家庭用户。该软件小巧、灵活、上手简单，性能卓越，能以极小的带宽占用，穿越防火墙，提供清晰高质的语音服务。</p><p>开发商：腾讯</p><p>软件官网： http://qt.qq.com/</p><p>新版特征</p><p>1、娱乐房间抢红包，过年就要嗨起来；</p><p>2、爵位系统闪亮发布，你的QT新身份；</p><p>3、新增爵位专属尾灯，尊贵的存在感；</p><p>4、爵位成员进房特效，华丽来袭；</p><p>5、爵位专属个人资料卡，就是不一般；</p><p>6、产品功能和性能的持续改进。</p><p><br/></p>', '59', '32/64', '1505997895', '4.6.22.17784', 'http://dlsw.baidu.com/sw-search-sp/soft/1f/16751/QT_4.6.22.17784_setup.1450161334.exe', 'WinXP/Win2003/Vista/Win7/Win8//Win10');
INSERT INTO `rj_download` VALUES ('80', '新浪微博', '/uploadfile/asdfliaotianhjkl/xinlangweibo_D.png', '/uploadfile/asdfliaotianhjkl/xinlangweibo_X.png', '0', '0', '1', '0', '<p>微博桌面，是新浪微博发布的一款集阅读微博、微博桌面发布微博、好友聊天，新消息提醒、快速回复等功能于一体的桌面客户端。微博桌面界面清爽，发送微博方便，能和好友即时聊天，可以通过气泡提醒快速查看回复评论、@，支持收藏微博，删除发出的微博和评论，支持分组查看微博，能够不用打开浏览器查看他人主页和个人主页。</p><p>开发商：新浪</p><p>软件官网： http://desktop.weibo.com/</p><p>新版特征</p><p>1.全新设计的宽版界面，新增多图展示和大图展示模式;</p><p>2.新增多图发布，支持一键截图、编辑长微博和拼图，提供强大而简单的发布功能;</p><p>3.新增聊天气泡，支持隐身登录和上线提醒，提供便捷而有趣的聊天服务;</p><p>4.新增多套精选皮肤，支持自定义纯色和调整透明度;</p><p><br/></p>', '34', '32/64', '1505998146', '4.5.3.37575', 'http://dlsw.baidu.com/sw-search-sp/soft/3f/12289/Weibo.4.5.3.37575common_wbupdate.1423811415.exe', 'WinXP/Win2003/Vista/Win7/Win8//Win10');
INSERT INTO `rj_download` VALUES ('81', '百度Hi', '/uploadfile/asdfliaotianhjkl/baiduHi_D.png', '/uploadfile/asdfliaotianhjkl/baiduHi_X.png', '0', '0', '1', '0', '<p>百度Hi(BaiDuHi)，是百度公司推出的一款集文字消息、语音视频通话、文件传输等功能的即时通讯软件，您可以通过它方便的找到志同道合的朋友，并随时与好友联络感情。主要有百度好友、兴趣搜人、兴趣群组、百度空间、密友排行、邮箱登录、皮肤换色等功能模块。</p><p>开发商：百度</p><p>软件官网： http://hi.baidu.com/</p><p>新版特征</p><p>1.对部分功能进行了优化。</p><p><br/></p>', '69', '32/64', '1505998279', '5.2.8.2', 'http://sw.bos.baidu.com/sw-search-sp/software/0f1809fc9bd9d/BaiduHi_setup.exe', 'WinXP/Win2003/Vista/Win7/Win8//Win10');
INSERT INTO `rj_download` VALUES ('82', '飞信', '/uploadfile/asdfliaotianhjkl/feixin_D.png', '/uploadfile/asdfliaotianhjkl/feixin_X.png', '0', '0', '1', '0', '<p>飞信是中国移动的综合通信服务，即融合语音（IVR）、GPRS、短信等多种通信方式，覆盖三种不同形态（完全实时的语音服务、准实时的文字和小数据量通信服务、非实时的通信服务）的客户通信需求，实现互联网和移动网间的无缝通信服务。可以免费从PC给发手机短信，而且不受任何限制。无缝链接的多端信息接收，MP3、图片和普通OFFICE文件都能随时随地任意传输。</p><p>开发商：中国移动通信</p><p>软件官网： http://feixin.10086.cn/</p><p>新版特征</p><p>1.支持短信直达手机进行赛事观看提醒。</p><p>2.支持提醒内容自定义、支持提醒时间自定义。</p><p>3.支持循环设定，实现一次设定多次提醒。</p><p><br/></p>', '72', '32/64', '1505998425', '5.6.8860.0', 'http://sw.bos.baidu.com/sw-search-sp/software/2b475f5c36df1/FetionNew2016December_5.6.8860.0.exe', 'WinXP/Win2003/Vista/Win7/Win8//Win10');
INSERT INTO `rj_download` VALUES ('83', ' 人人桌面', '/uploadfile/asdfliaotianhjkl/renren_D.png', '/uploadfile/asdfliaotianhjkl/renren_X.png', '0', '0', '1', '0', '<p>人人桌面（原校内通）是一款面对人人网（原校内网）忠实用户的官方增强软件。它类似于即时通讯软件，但它又结合了校内社区的个人状态、应用等功能，可使用户不用登陆网页即可回复和管理等，为喜欢长期泡在人人网的用户提供了极大的方便。</p><p>开发商：人人网</p><p>软件官网： http://im.renren.com/</p><p>新版特征</p><p>1. 全新的新鲜事阅读体验；</p><p>2. 新增新鲜事更新提醒功能；</p><p>3. 新增新鲜事“赞”功能；</p><p>4. 新鲜事发布功能整体优化。</p><p><br/></p>', '47', '32/64', '1505998556', '5.0.0.1', 'http://dlsw.baidu.com/sw-search-sp/soft/96/14780/renren_setup_V5.0.0.1.1414402226.exe', 'WinXP/Win2003/Vista/Win7/Win8//Win10');
INSERT INTO `rj_download` VALUES ('84', '呱呱歌舞汇', '/uploadfile/asdfliaotianhjkl/guagua_D.png', '/uploadfile/asdfliaotianhjkl/guagua_X.png', '0', '0', '1', '0', '<p>呱呱歌舞汇是中国前三的视频互动社区，首个独具商业价值的互动演艺平台。 呱呱视频社区成立于2008年，以“艺人如云齐直播、即时互动面对面、足不出户看表演”的产品优势赢得千万用户的喜爱；凭借行业独有的明星成长体系“呱呱星艺”，挖掘、培养网络明星，实现个人价值，成就梦想！呱呱视频社区以“即时多人视频互动”为产品核心，现已成为最受用户喜爱的视频互动社区之一！成为中国互联网行业最受瞩目的品牌，并携手“腾讯QQ&quot;、“光线传媒”两大投资商进行资源整合，打造“网台互动”的新模式，满足用户多元化的视频互动体验，为所有用户创造出一个“在线演艺新视界.全民娱乐新舞台”！</p><p>开发商：呱呱网</p><p>软件官网： http://www.guagua.com.cn/</p><p>新版特征</p><p>全新的界面色调组合。</p><p>优化界面视觉效果。</p><p><br/></p>', '24', '32/64', '1505998695', '6.2.2', 'http://dlsw.baidu.com/sw-search-sp/soft/b7/13466/guagua80000800Setup02191712_7031.1456712566.exe', 'WinXP/Win2003/Vista/Win7/Win8//Win10');
INSERT INTO `rj_download` VALUES ('85', 'Windows Live Messenger (MSN)', '/uploadfile/asdfliaotianhjkl/MSN_D.png', '/uploadfile/asdfliaotianhjkl/MSN_X.png', '0', '0', '1', '0', '<p>Windows Live Messenger是一款完美融合了Windows Live套件之充满乐趣、易于沟通、方便共享等特色的即时通讯软件，而现在，Windows Live Messenger已不仅仅只是一种聊天工具，让您的沟通与管理文件、相册、联系人都易如反掌。</p><p>开发商：Microsoft Corporation</p><p>新版特征</p><p>1. 新增好友动态，朋友近况随时知道；</p><p>2. 新增群功能，聊天聚会大家齐商量；</p><p>3. 新增天气预报，截图，即时翻译等。</p><p><br/></p>', '6', '32/64', '1505998904', '14.0.8117.416', 'http://dlsw.baidu.com/sw-search-sp/soft/4b/17170/Install_WLMessenger14.0.8117.416.1393467029.exe', 'WinXP/Win2003/Vista/Win7/Win8//Win10');
INSERT INTO `rj_download` VALUES ('86', '新浪UC', '/uploadfile/asdfliaotianhjkl/xinlangUC_D.png', '/uploadfile/asdfliaotianhjkl/xinlangUC_X.png', '0', '0', '1', '0', '<p>UC（Universal Communication）是新浪UC信息技术有限公司开发的，融合了P2P思想的下一代开放式即时通讯的网络聊天工具。新浪UC支持多IM聊天，随时启用您的MSN/雅虎通/Gtalk帐号，让好友联系更加紧密。超大空间网盘，免费扩展至4G。UC地图功能，即时查询最新全国各城市地图。</p><p>开发商：新浪</p><p>软件官网： http://uc.sina.com.cn/</p><p>新版特征</p><p>1. 新版本新增群组语音和新浪电台功能；</p><p>2. 新版本支持手机UC和微博嵌入；</p><p>3. 前面优化登录过程，提升登录速度。</p><p><br/></p>', '19', '32/64', '1505999037', '8.3.4.22616', 'http://dlsw.baidu.com/sw-search-sp/soft/a2/12282/SinaUC_Release_8.3.4.22616.1396945592.exe', 'WinXP/Win2003/Vista/Win7/Win8//Win10');
INSERT INTO `rj_download` VALUES ('87', '2017年8月纯净版系统XP[含QQ+office07]', '/uploadfile/asdfliaotianhjkl/xptu_D.png', '/uploadfile/asdfliaotianhjkl/xptu_X.png', '5', '5', '22', '3', '<p style=\"padding: 0px; margin-top: 13px; margin-bottom: 0px; font-family: 微软雅黑, 宋体, arial; font-size: 14px; line-height: 33.6px; white-space: normal; background-color: rgb(255, 255, 255);\"><span style=\"line-height: 34px; font-size: 20px; font-family: 微软雅黑, sans-serif; color: rgb(68, 68, 68);\">原始桌面（没有安装推广包，没有任何推广软件，合集包需要安装的自行放入指定位置</span><span style=\"line-height: 34px; font-size: 20px; font-family: Helvetica, sans-serif; color: rgb(68, 68, 68);\">soft</span><span style=\"line-height: 34px; font-size: 20px; font-family: 微软雅黑, sans-serif; color: rgb(68, 68, 68);\">文件夹），</span><span style=\"line-height: 34px; font-size: 20px; font-family: Helvetica, sans-serif; color: red;\">ghost</span><span style=\"line-height: 34px; font-size: 20px; font-family: 微软雅黑, sans-serif; color: red;\">完系统拔出</span><span style=\"line-height: 34px; font-size: 20px; font-family: Helvetica, sans-serif; color: red;\">U</span><span style=\"line-height: 34px; font-size: 20px; font-family: 微软雅黑, sans-serif; color: red;\">盘，以免影响激活。</span><br/></p><p style=\"padding: 0px; margin-top: 13px; margin-bottom: 0px; font-family: 微软雅黑, 宋体, arial; font-size: 14px; white-space: normal; line-height: 24px; vertical-align: baseline; background: white;\"><span style=\"font-size: 20px; font-family: Helvetica, sans-serif; color: rgb(0, 176, 80);\">soft</span><span style=\"font-size: 20px; font-family: 宋体; color: rgb(0, 176, 80);\">目录下支持放</span><span style=\"font-size: 20px; font-family: Helvetica, sans-serif; color: rgb(0, 176, 80);\">“</span><span style=\"font-size: 20px; font-family: 宋体; color: rgb(0, 176, 80);\">一键安装合集</span><span style=\"font-size: 20px; font-family: Helvetica, sans-serif; color: rgb(0, 176, 80);\">”“</span><span style=\"font-size: 20px; font-family: 宋体; color: rgb(0, 176, 80);\">静默装机包</span><span style=\"font-size: 20px; font-family: Helvetica, sans-serif; color: rgb(0, 176, 80);\">”</span></p><p style=\"padding: 0px; margin-top: 13px; margin-bottom: 0px; font-family: 微软雅黑, 宋体, arial; font-size: 14px; white-space: normal; line-height: 24px; vertical-align: baseline; background: white;\"><span style=\"font-size: 20px; font-family: 宋体; color: red;\">点此下载</span><span style=\"font-size: 20px; font-family: Helvetica, sans-serif; color: red;\">&nbsp;</span><a href=\"http://www.daohangxitong.com/software/detail/id/83\" target=\"_blank\" title=\"纯净版PE\" style=\"text-decoration: none; color: rgb(51, 51, 51); cursor: pointer;\"><span style=\"font-size: 20px; font-family: Helvetica, sans-serif; color: rgb(0, 176, 80);\"><span style=\"font-family: 宋体; color: red;\">推荐纯净版</span><span style=\"color: red;\">PE</span><span style=\"font-family: 宋体; color: red;\">：</span><span style=\"color: red;\">USM(u</span><span style=\"font-family: 宋体; color: red;\">盘魔术师</span><span style=\"color: red;\">)</span></span></a></p><p style=\"padding: 0px; margin-top: 13px; margin-bottom: 0px; font-family: 微软雅黑, 宋体, arial; font-size: 14px; white-space: normal; line-height: 24px; vertical-align: baseline; background: white;\"><span style=\"font-size: 20px; font-family: 宋体; color: rgb(0, 32, 96);\">点此下载</span><span style=\"font-size: 20px; font-family: Helvetica, sans-serif; color: red;\">&nbsp;<a href=\"http://www.daohangxitong.com/software/detail/id/68\" target=\"_blank\" title=\"\" style=\"text-decoration: none; color: rgb(51, 51, 51); cursor: pointer;\"><span style=\"font-family: 宋体;\">推荐纯净版</span>PE<span style=\"font-family: 宋体;\">：</span>技术员联盟PE</a></span></p><p style=\"padding: 0px; margin-top: 13px; margin-bottom: 0px; font-family: 微软雅黑, 宋体, arial; font-size: 14px; white-space: normal; line-height: 24px; vertical-align: baseline; background: white;\"><a href=\"http://pan.baidu.com/s/1pKPcpab\" target=\"_blank\" title=\"\" style=\"text-decoration: none; color: rgb(51, 51, 51); cursor: pointer;\"><span style=\"font-size: 20px; font-family: Helvetica, sans-serif; color: yellow; background: rgb(0, 176, 80);\"><span style=\"color: rgb(255, 114, 0);\">OEM</span><span style=\"font-family: 宋体; color: rgb(255, 114, 0);\">静默包制作工具附加视频教程（放入</span><span style=\"color: rgb(255, 114, 0);\">soft</span><span style=\"font-family: 宋体; color: rgb(255, 114, 0);\">文件内的</span><span style=\"color: rgb(255, 114, 0);\">OEM</span><span style=\"font-family: 宋体; color: rgb(255, 114, 0);\">文件夹里）</span></span></a></p><p style=\"padding: 0px; margin-top: 13px; margin-bottom: 0px; font-family: 微软雅黑, 宋体, arial; font-size: 14px; white-space: normal; line-height: 24px; vertical-align: baseline; background: white;\"><a href=\"http://www.daohangxitong.com/article/detail/id/26\" target=\"_blank\" title=\"\" style=\"text-decoration: none; color: rgb(51, 51, 51); cursor: pointer;\"><span style=\"font-size: 20px; font-family: Helvetica, sans-serif; color: rgb(0, 176, 80);\"><span style=\"font-family: 宋体; color: yellow;\">系统添加软件包</span><span style=\"color: yellow;\">(p3</span><span style=\"font-family: 宋体; color: yellow;\">和</span><span style=\"color: yellow;\">p7</span><span style=\"font-family: 宋体; color: yellow;\">教程，图文</span><span style=\"color: yellow;\">+</span><span style=\"font-family: 宋体; color: yellow;\">视频</span><span style=\"color: yellow;\">)</span></span></a></p><p style=\"padding: 0px; margin-top: 13px; margin-bottom: 0px; font-family: 微软雅黑, 宋体, arial; font-size: 14px; white-space: normal; line-height: 24px; vertical-align: baseline; background: white;\"><span style=\"font-size: 20px; font-family: 宋体; color: rgb(0, 176, 80);\">开始菜单增加装机工具箱</span></p><p style=\"padding: 0px; margin-top: 13px; margin-bottom: 0px; font-family: 微软雅黑, 宋体, arial; font-size: 14px; line-height: 33.6px; white-space: normal; background-color: rgb(255, 255, 255);\"><img src=\"/ueditor/php/upload/image/20170921/1506003885138390.png\" width=\"640\" height=\"480\"/></p><p style=\"padding: 0px; margin-top: 13px; margin-bottom: 0px; font-family: 微软雅黑, 宋体, arial; font-size: 14px; line-height: 33.6px; white-space: normal; background-color: rgb(255, 255, 255);\"><img src=\"/ueditor/php/upload/image/20170921/1506003888123333.jpg\" width=\"640\" height=\"480\"/></p><p style=\"padding: 0px; margin-top: 13px; margin-bottom: 0px; font-family: 微软雅黑, 宋体, arial; font-size: 14px; line-height: 33.6px; white-space: normal; background-color: rgb(255, 255, 255);\"><br/></p><p style=\"padding: 0px; margin-top: 13px; margin-bottom: 0px; font-family: 微软雅黑, 宋体, arial; font-size: 14px; line-height: 33.6px; white-space: normal; background-color: rgb(255, 255, 255);\"><span style=\"font-size: 18px; font-family: Simsun, serif;\">&nbsp;</span></p><p style=\"padding: 0px; margin-top: 13px; margin-bottom: 0px; font-family: 微软雅黑, 宋体, arial; font-size: 14px; white-space: normal; line-height: 24px; vertical-align: baseline; background: white;\"><strong><span style=\"font-family: 宋体; color: rgb(68, 68, 68);\">★</span></strong><strong><span style=\"font-family: 宋体; color: rgb(68, 68, 68);\">集成软件：</span></strong></p><p style=\"padding: 0px; margin-top: 13px; margin-bottom: 0px; font-family: 微软雅黑, 宋体, arial; font-size: 14px; white-space: normal; line-height: 24px; vertical-align: baseline; background: white;\"><span style=\"font-family: 宋体; color: rgb(68, 68, 68);\">◆</span><span style=\"font-family: 宋体; color: rgb(68, 68, 68);\">系统补丁更新至最新，可通过任何安全软件和</span><span style=\"font-family: Helvetica, sans-serif; color: rgb(68, 68, 68);\">update</span><span style=\"font-family: 宋体; color: rgb(68, 68, 68);\">扫描。</span><span style=\"font-family: Helvetica, sans-serif; color: rgb(68, 68, 68);\"><br/></span><span style=\"font-family: 宋体; color: rgb(68, 68, 68);\">◆</span><span style=\"font-family: 宋体; color: rgb(68, 68, 68);\">腾讯</span><span style=\"font-family: Helvetica, sans-serif; color: rgb(68, 68, 68);\">QQ</span><span style=\"font-family: 宋体; color: rgb(68, 68, 68);\">最新版</span><span style=\"font-family: Helvetica, sans-serif; color: rgb(68, 68, 68);\">(</span><span style=\"font-family: 宋体; color: rgb(68, 68, 68);\">去除升级屏蔽勋章墙</span><span style=\"font-family: Helvetica, sans-serif; color: rgb(68, 68, 68);\">)</span><span style=\"font-family: Helvetica, sans-serif; color: rgb(68, 68, 68);\"><br/></span><span style=\"font-family: 宋体; color: rgb(68, 68, 68);\">◆</span><span style=\"font-family: Helvetica, sans-serif; color: rgb(68, 68, 68);\">Office 2007&nbsp;</span><span style=\"font-family: 宋体; color: rgb(68, 68, 68);\">（默认保存为</span><span style=\"font-family: Helvetica, sans-serif; color: rgb(68, 68, 68);\">2003</span><span style=\"font-family: 宋体; color: rgb(68, 68, 68);\">格式，安装三个常用办公软件）</span><span style=\"font-family: Helvetica, sans-serif; color: rgb(68, 68, 68);\"><br/></span><span style=\"font-family: 宋体; color: rgb(68, 68, 68);\">◆</span><span style=\"font-family: Helvetica, sans-serif; color: rgb(68, 68, 68);\">WinRaR</span><span style=\"font-family: 宋体; color: rgb(68, 68, 68);\">（解压缩软件）</span><span style=\"font-family: Helvetica, sans-serif; color: rgb(68, 68, 68);\"><br/></span><span style=\"font-family: 宋体; color: rgb(68, 68, 68);\">◆</span><span style=\"font-family: 宋体; color: rgb(68, 68, 68);\">最新</span><span style=\"font-family: Helvetica, sans-serif; color: rgb(68, 68, 68);\">Adobe Flash Player</span><span style=\"font-family: Helvetica, sans-serif; color: rgb(68, 68, 68);\"><br/></span><span style=\"font-family: 宋体; color: rgb(68, 68, 68);\">◆</span><span style=\"font-family: 宋体; color: rgb(68, 68, 68);\">桌面建立宽带连接</span></p><p><br/></p>', '0', '32', '1506005506', 'Xp Sp3', 'thunder://QUFodHRwOi8vc3lzLm9waW4xMjMuY29tL2RoeHQvY2ovV0lOWFAtMTcwODAxLTYuR0hPWlo=', 'WinXP/Win2003/Vista/Win7/Win8//Win10');
INSERT INTO `rj_download` VALUES ('88', '2017年8月纯净版系统WIN10-64[含QQ+office10]', '/uploadfile/asdfliaotianhjkl/win10_64 _D.png', '/uploadfile/asdfliaotianhjkl/win10_64 _X.png', '2', '2', '22', '3', '<p style=\"padding: 0px; margin-top: 13px; margin-bottom: 0px; font-family: 微软雅黑, 宋体, arial; font-size: 14px; line-height: 33.6px; white-space: normal; background-color: rgb(255, 255, 255);\"><span style=\"line-height: 34px; font-size: 20px; font-family: 微软雅黑, sans-serif; color: rgb(68, 68, 68);\">原始桌面（没有安装推广包，没有任何推广软件，合集包需要安装的自行放入指定位置</span><span style=\"line-height: 34px; font-size: 20px; font-family: Helvetica, sans-serif; color: rgb(68, 68, 68);\">soft</span><span style=\"line-height: 34px; font-size: 20px; font-family: 微软雅黑, sans-serif; color: rgb(68, 68, 68);\">文件夹），</span><span style=\"line-height: 34px; font-size: 20px; font-family: Helvetica, sans-serif; color: red;\">ghost</span><span style=\"line-height: 34px; font-size: 20px; font-family: 微软雅黑, sans-serif; color: red;\">完系统拔出</span><span style=\"line-height: 34px; font-size: 20px; font-family: Helvetica, sans-serif; color: red;\">U</span><span style=\"line-height: 34px; font-size: 20px; font-family: 微软雅黑, sans-serif; color: red;\">盘，以免影响激活。</span></p><p style=\"padding: 0px; margin-top: 13px; margin-bottom: 0px; font-family: 微软雅黑, 宋体, arial; font-size: 14px; white-space: normal; line-height: 24px; vertical-align: baseline; background: white;\"><span style=\"font-size: 20px; font-family: Helvetica, sans-serif; color: rgb(0, 176, 80);\">soft</span><span style=\"font-size: 20px; font-family: 宋体; color: rgb(0, 176, 80);\">目录下支持放</span><span style=\"font-size: 20px; font-family: Helvetica, sans-serif; color: rgb(0, 176, 80);\">“</span><span style=\"font-size: 20px; font-family: 宋体; color: rgb(0, 176, 80);\">一键安装合集</span><span style=\"font-size: 20px; font-family: Helvetica, sans-serif; color: rgb(0, 176, 80);\">”“</span><span style=\"font-size: 20px; font-family: 宋体; color: rgb(0, 176, 80);\">静默装机包</span><span style=\"font-size: 20px; font-family: Helvetica, sans-serif; color: rgb(0, 176, 80);\">”</span></p><p style=\"padding: 0px; margin-top: 13px; margin-bottom: 0px; font-family: 微软雅黑, 宋体, arial; font-size: 14px; white-space: normal; line-height: 24px; vertical-align: baseline; background: white;\"><span style=\"font-size: 20px; font-family: 宋体; color: red;\">点此下载</span><span style=\"font-size: 20px; font-family: Helvetica, sans-serif; color: red;\">&nbsp;</span><a href=\"http://www.daohangxitong.com/software/detail/id/83\" target=\"_blank\" title=\"纯净版PE\" style=\"text-decoration: none; color: rgb(51, 51, 51); cursor: pointer;\"><span style=\"font-size: 20px; font-family: Helvetica, sans-serif; color: rgb(0, 176, 80);\"><span style=\"font-family: 宋体; color: red;\">推荐纯净版</span><span style=\"color: red;\">PE</span><span style=\"font-family: 宋体; color: red;\">：</span><span style=\"color: red;\">USM(u</span><span style=\"font-family: 宋体; color: red;\">盘魔术师</span><span style=\"color: red;\">)</span></span></a></p><p style=\"padding: 0px; margin-top: 13px; margin-bottom: 0px; font-family: 微软雅黑, 宋体, arial; font-size: 14px; white-space: normal; line-height: 24px; vertical-align: baseline; background: white;\"><span style=\"font-size: 20px; font-family: 宋体; color: rgb(0, 32, 96);\">点此下载</span><span style=\"font-size: 20px; font-family: Helvetica, sans-serif; color: red;\">&nbsp;<a href=\"http://www.daohangxitong.com/software/detail/id/68\" target=\"_blank\" title=\"\" style=\"text-decoration: none; color: rgb(51, 51, 51); cursor: pointer;\"><span style=\"font-family: 宋体;\">推荐纯净版</span>PE<span style=\"font-family: 宋体;\">：</span>技术员联盟PE</a></span></p><p style=\"padding: 0px; margin-top: 13px; margin-bottom: 0px; font-family: 微软雅黑, 宋体, arial; font-size: 14px; white-space: normal; line-height: 24px; vertical-align: baseline; background: white;\"><a href=\"http://pan.baidu.com/s/1pKPcpab\" target=\"_blank\" title=\"\" style=\"text-decoration: none; color: rgb(51, 51, 51); cursor: pointer;\"><span style=\"font-size: 20px; font-family: Helvetica, sans-serif; color: yellow; background: rgb(0, 176, 80);\"><span style=\"color: rgb(255, 114, 0);\">OEM</span><span style=\"font-family: 宋体; color: rgb(255, 114, 0);\">静默包制作工具附加视频教程（放入</span><span style=\"color: rgb(255, 114, 0);\">soft</span><span style=\"font-family: 宋体; color: rgb(255, 114, 0);\">文件内的</span><span style=\"color: rgb(255, 114, 0);\">OEM</span><span style=\"font-family: 宋体; color: rgb(255, 114, 0);\">文件夹里）</span></span></a></p><p style=\"padding: 0px; margin-top: 13px; margin-bottom: 0px; font-family: 微软雅黑, 宋体, arial; font-size: 14px; white-space: normal; line-height: 24px; vertical-align: baseline; background: white;\"><a href=\"http://www.daohangxitong.com/article/detail/id/26\" target=\"_blank\" title=\"\" style=\"text-decoration: none; color: rgb(51, 51, 51); cursor: pointer;\"><span style=\"font-size: 20px; font-family: Helvetica, sans-serif; color: rgb(0, 176, 80);\"><span style=\"font-family: 宋体; color: yellow;\">系统添加软件包</span><span style=\"color: yellow;\">(p3</span><span style=\"font-family: 宋体; color: yellow;\">和</span><span style=\"color: yellow;\">p7</span><span style=\"font-family: 宋体; color: yellow;\">教程，图文</span><span style=\"color: yellow;\">+</span><span style=\"font-family: 宋体; color: yellow;\">视频</span><span style=\"color: yellow;\">)</span></span></a></p><p style=\"padding: 0px; margin-top: 13px; margin-bottom: 0px; font-family: 微软雅黑, 宋体, arial; font-size: 14px; white-space: normal; line-height: 24px; vertical-align: baseline; background: white;\"><span style=\"font-size: 20px; font-family: 宋体; color: rgb(0, 176, 80);\">开始菜单增加装机工具箱</span></p><p style=\"padding: 0px; margin-top: 13px; margin-bottom: 0px; font-family: 微软雅黑, 宋体, arial; font-size: 14px; line-height: 33.6px; white-space: normal; background-color: rgb(255, 255, 255);\"><span style=\"font-size: 20px; font-family: 宋体; color: rgb(0, 176, 80);\"></span></p><p style=\"line-height: 16px;\"><img src=\"http://weikpc.w263.mc-test.com/uploadfile/asdfliaotianhjkl/WIN10_64_1.jpg\"/></p><p style=\"padding: 0px; margin-top: 13px; margin-bottom: 0px; font-family: 微软雅黑, 宋体, arial; font-size: 14px; line-height: 33.6px; white-space: normal; background-color: rgb(255, 255, 255);\"><img src=\"http://weikpc.w263.mc-test.com/uploadfile/asdfliaotianhjkl/WIN10_64_2.jpg\"/></p><p style=\"padding: 0px; margin-top: 13px; margin-bottom: 0px; font-family: 微软雅黑, 宋体, arial; font-size: 14px; white-space: normal; line-height: 24px; vertical-align: baseline; background: white;\"><strong><span style=\"font-family: 宋体; color: rgb(68, 68, 68);\">★</span></strong><strong><span style=\"font-family: 宋体; color: rgb(68, 68, 68);\">集成软件：</span></strong></p><p style=\"padding: 0px; margin-top: 13px; margin-bottom: 0px; font-family: 微软雅黑, 宋体, arial; font-size: 14px; white-space: normal; line-height: 24px; vertical-align: baseline; background: white;\"><span style=\"font-family: 宋体; color: rgb(68, 68, 68);\">◆</span><span style=\"font-family: 宋体; color: rgb(68, 68, 68);\">系统补丁更新至最新，可通过任何安全软件和</span><span style=\"font-family: Helvetica, sans-serif; color: rgb(68, 68, 68);\">update</span><span style=\"font-family: 宋体; color: rgb(68, 68, 68);\">扫描。</span><span style=\"font-family: Helvetica, sans-serif; color: rgb(68, 68, 68);\"><br/></span><span style=\"font-family: 宋体; color: rgb(68, 68, 68);\">◆</span><span style=\"font-family: 宋体; color: rgb(68, 68, 68);\">腾讯</span><span style=\"font-family: Helvetica, sans-serif; color: rgb(68, 68, 68);\">QQ</span><span style=\"font-family: 宋体; color: rgb(68, 68, 68);\">最新版</span><span style=\"font-family: Helvetica, sans-serif; color: rgb(68, 68, 68);\">(</span><span style=\"font-family: 宋体; color: rgb(68, 68, 68);\">去除升级屏蔽勋章墙</span><span style=\"font-family: Helvetica, sans-serif; color: rgb(68, 68, 68);\">)</span><span style=\"font-family: Helvetica, sans-serif; color: rgb(68, 68, 68);\"><br/></span><span style=\"font-family: 宋体; color: rgb(68, 68, 68);\">◆</span><span style=\"font-family: Helvetica, sans-serif; color: rgb(68, 68, 68);\">Office 2010&nbsp;</span><span style=\"font-family: 宋体; color: rgb(68, 68, 68);\">（默认保存为</span><span style=\"font-family: Helvetica, sans-serif; color: rgb(68, 68, 68);\">2003</span><span style=\"font-family: 宋体; color: rgb(68, 68, 68);\">格式，安装三个常用办公软件）</span><span style=\"font-family: Helvetica, sans-serif; color: rgb(68, 68, 68);\"><br/></span><span style=\"font-family: 宋体; color: rgb(68, 68, 68);\">◆</span><span style=\"font-family: Helvetica, sans-serif; color: rgb(68, 68, 68);\">WinRaR</span><span style=\"font-family: 宋体; color: rgb(68, 68, 68);\">（解压缩软件）</span><span style=\"font-family: Helvetica, sans-serif; color: rgb(68, 68, 68);\"><br/></span><span style=\"font-family: 宋体; color: rgb(68, 68, 68);\">◆</span><span style=\"font-family: 宋体; color: rgb(68, 68, 68);\">最新</span><span style=\"font-family: Helvetica, sans-serif; color: rgb(68, 68, 68);\">Adobe Flash Player</span><span style=\"font-family: Helvetica, sans-serif; color: rgb(68, 68, 68);\"><br/></span><span style=\"font-family: 宋体; color: rgb(68, 68, 68);\">◆</span><span style=\"font-family: 宋体; color: rgb(68, 68, 68);\">桌面建立宽带连接</span></p><p style=\"padding: 0px; margin-top: 13px; margin-bottom: 0px; font-family: 微软雅黑, 宋体, arial; font-size: 14px; white-space: normal; line-height: 24px; vertical-align: baseline; background: white;\"><strong><span style=\"font-family: Helvetica, sans-serif; color: rgb(68, 68, 68);\">net4.6</span></strong><strong><span style=\"font-family: 宋体; color: rgb(68, 68, 68);\">的说明：</span></strong></p><p style=\"padding: 0px; margin-top: 13px; margin-bottom: 0px; font-family: 微软雅黑, 宋体, arial; font-size: 14px; white-space: normal; line-height: 24px; vertical-align: baseline; background: white;\"><span style=\"font-family: Helvetica, sans-serif; color: red;\"><br/></span></p><p style=\"padding: 0px; margin-top: 13px; margin-bottom: 0px; font-family: 微软雅黑, 宋体, arial; font-size: 14px; white-space: normal; line-height: 24px; vertical-align: baseline; background: white;\"><span style=\"font-family: Helvetica, sans-serif; color: red;\">net4.6</span><span style=\"font-family: 宋体; color: red;\">主要目的应用于对新版</span><span style=\"font-family: Helvetica, sans-serif; color: red;\">ati</span><span style=\"font-family: 宋体; color: red;\">显卡控制面板的支持，以及特殊软件需要高版本</span><span style=\"font-family: Helvetica, sans-serif; color: red;\">.net</span><span style=\"font-family: 宋体; color: red;\">支持的软件</span><br/></p><p style=\"padding: 0px; margin-top: 13px; margin-bottom: 0px; font-family: 微软雅黑, 宋体, arial; font-size: 14px; white-space: normal; line-height: 24px; vertical-align: baseline; background: white;\"><span style=\"font-family: 宋体; color: red;\">注：不带</span><span style=\"font-family: Helvetica, sans-serif; color: red;\">net4.6</span><span style=\"font-family: 宋体; color: red;\">的</span><span style=\"font-family: Helvetica, sans-serif; color: red;\">win7</span><span style=\"font-family: 宋体; color: red;\">默认情况下已经优化了</span><span style=\"font-family: Helvetica, sans-serif; color: red;\">ati</span><span style=\"font-family: 宋体; color: red;\">的提示，理论上会增加系统安装时间，大约会增加</span><span style=\"font-family: Helvetica, sans-serif; color: red;\">5</span><span style=\"font-family: 宋体; color: red;\">分钟时间成本。大家可以根据自己的需要来下载合适的版本。</span></p><p><br/></p>', '0', '64', '1506005455', 'WIN10_64', 'thunder://QUFodHRwOi8vc3lzLm9waW4xMjMuY29tL2RoeHQvY2ovV0lOMTAtNjQtMTcwODAxLTcuR0hPWlo=', 'WinXP/Win2003/Vista/Win7/Win8//Win10');

-- ----------------------------
-- Table structure for rj_img
-- ----------------------------
DROP TABLE IF EXISTS `rj_img`;
CREATE TABLE `rj_img` (
  `id` int(11) NOT NULL AUTO_INCREMENT,
  `image` varchar(255) NOT NULL,
  `type` tinyint(1) NOT NULL DEFAULT '1' COMMENT '1轮播图   2详情图',
  `time` int(11) NOT NULL,
  `url` varchar(255) NOT NULL COMMENT '跳转的url',
  PRIMARY KEY (`id`)
) ENGINE=MyISAM AUTO_INCREMENT=16 DEFAULT CHARSET=gbk;

-- ----------------------------
-- Records of rj_img
-- ----------------------------
INSERT INTO `rj_img` VALUES ('1', '/lunbo/images/20170918/6bead1bd9a4fef1b8bc6bb4814948701.png', '1', '1505704087', 'http://weikpc.w263.mc-test.com/index.php/home/Rj/detail?id=62');
INSERT INTO `rj_img` VALUES ('2', '/lunbo/images/20170918/548d8dcaa6ad8abaf8b38588ed2496fa.png', '1', '1505704852', 'http://weikpc.w263.mc-test.com/index.php/home/Rj/detail?id=54');
INSERT INTO `rj_img` VALUES ('4', '/lunbo/images/20170917/c41d2af64496c1aa322d9a4818933b6b.png', '1', '1505660427', 'http://weikpc.w263.mc-test.com/index.php/home/Rj/detail?id=61');
INSERT INTO `rj_img` VALUES ('6', '/lunbo/images/20170918/6722c069f70aad33a7cfcfaa59e4a056.png', '1', '1505716400', 'http://weikpc.w263.mc-test.com/index.php/home/Rj/detail?id=72');
INSERT INTO `rj_img` VALUES ('10', '/lunbo/images/20170918/be46382f9572ad7b848e0a25b890fa02.png', '2', '1505706838', 'http://weikpc.w263.mc-test.com/index.php/home/Rj/detail?id=70');
INSERT INTO `rj_img` VALUES ('12', '/lunbo/images/20170918/c889dfc7ba4d86edd7e8f0bef53f73ed.png', '1', '1505706423', 'http://weikpc.w263.mc-test.com/index.php/home/Rj/detail?id=56');
INSERT INTO `rj_img` VALUES ('13', '/lunbo/images/20170918/b8ebfa924b78af68feb1e528dd94a05a.png', '1', '1505706205', 'http://weikpc.w263.mc-test.com/index.php/home/Rj/detail?id=66');
INSERT INTO `rj_img` VALUES ('15', '/lunbo/images/20170918/06a5921c2706f69938c3bbb58a938521.png', '2', '1505706874', 'http://weikpc.w263.mc-test.com/index.php/home/Rj/detail?id=68');

-- ----------------------------
-- Table structure for rj_info
-- ----------------------------
DROP TABLE IF EXISTS `rj_info`;
CREATE TABLE `rj_info` (
  `id` int(10) unsigned NOT NULL AUTO_INCREMENT COMMENT 'id',
  `defaultsoft` int(10) unsigned DEFAULT NULL COMMENT '默认展示软件',
  `logo` varchar(255) CHARACTER SET utf8 DEFAULT NULL,
  PRIMARY KEY (`id`)
) ENGINE=MyISAM AUTO_INCREMENT=2 DEFAULT CHARSET=gbk;

-- ----------------------------
-- Records of rj_info
-- ----------------------------
INSERT INTO `rj_info` VALUES ('1', '54', '/logo/20170918/4dc76c802c9ab699ffa35ab7c49d814d.png');

-- ----------------------------
-- Table structure for rj_list
-- ----------------------------
DROP TABLE IF EXISTS `rj_list`;
CREATE TABLE `rj_list` (
  `id` int(10) unsigned NOT NULL AUTO_INCREMENT,
  `listname` varchar(255) CHARACTER SET utf8 DEFAULT NULL,
  `softid` int(10) unsigned DEFAULT NULL COMMENT '该分类下推荐软件',
  PRIMARY KEY (`id`)
) ENGINE=MyISAM AUTO_INCREMENT=23 DEFAULT CHARSET=gbk ROW_FORMAT=DYNAMIC;

-- ----------------------------
-- Records of rj_list
-- ----------------------------
INSERT INTO `rj_list` VALUES ('1', ' 聊天通讯', '63');
INSERT INTO `rj_list` VALUES ('2', '影视播放', '55');
INSERT INTO `rj_list` VALUES ('3', '游戏啊', '56');
INSERT INTO `rj_list` VALUES ('4', '下载工具', '54');
INSERT INTO `rj_list` VALUES ('6', '浏览器', '54');
INSERT INTO `rj_list` VALUES ('7', '办公学习', null);
INSERT INTO `rj_list` VALUES ('8', '系统工具', null);
INSERT INTO `rj_list` VALUES ('9', '输入法', '58');
INSERT INTO `rj_list` VALUES ('10', '图像编辑', '57');
INSERT INTO `rj_list` VALUES ('11', '音乐播放', '64');
INSERT INTO `rj_list` VALUES ('12', '杀毒防护', '62');
INSERT INTO `rj_list` VALUES ('13', '手机管理', null);
INSERT INTO `rj_list` VALUES ('14', '驱动程序', null);
INSERT INTO `rj_list` VALUES ('15', '压缩刻录', null);
INSERT INTO `rj_list` VALUES ('16', '网络应用', null);
INSERT INTO `rj_list` VALUES ('17', '程序开发', null);
INSERT INTO `rj_list` VALUES ('18', '影音编辑', null);
INSERT INTO `rj_list` VALUES ('19', '桌面壁纸', null);
INSERT INTO `rj_list` VALUES ('20', '股票网银', '68');
INSERT INTO `rj_list` VALUES ('21', '软件集合包', null);
INSERT INTO `rj_list` VALUES ('22', '操作系统', '88');

-- ----------------------------
-- Table structure for rj_member
-- ----------------------------
DROP TABLE IF EXISTS `rj_member`;
CREATE TABLE `rj_member` (
  `uid` int(10) unsigned NOT NULL AUTO_INCREMENT COMMENT '自增id',
  `username` varchar(50) NOT NULL DEFAULT '' COMMENT '用户名',
  `password` char(32) NOT NULL DEFAULT '' COMMENT '密码',
  `salt` char(6) NOT NULL DEFAULT '' COMMENT '加密的随机码',
  `email` varchar(80) NOT NULL DEFAULT '' COMMENT '邮箱',
  `create_time` int(11) NOT NULL DEFAULT '0' COMMENT '添加用户日期',
  `phone` char(11) NOT NULL COMMENT '用户电话',
  `pic` varchar(255) DEFAULT NULL COMMENT '头像图片地址',
  `state` int(11) NOT NULL COMMENT '1超级管理员2普通管理员3拉黑',
  PRIMARY KEY (`uid`)
) ENGINE=InnoDB AUTO_INCREMENT=36 DEFAULT CHARSET=utf8;

-- ----------------------------
-- Records of rj_member
-- ----------------------------
INSERT INTO `rj_member` VALUES ('1', 'admin', 'fb15fc59e5cf7121ecc5e45a63e89437', 'aDWmM7', '250500869@qq.com', '1487325427', '15383307995', 'uploads/20170928/aeb782dc0b13e2e47e10b58746259b41.xlsx', '1');
INSERT INTO `rj_member` VALUES ('30', 'houyalei', '1ca6fcb971b43e5715b6a5192667dd2c', 'fFQEus', '493285513@qq.com', '1490859974', '13483097995', 'uploads/20170401/5e864666264bdf05fc6074dfb14863ab.jpg', '3');
INSERT INTO `rj_member` VALUES ('31', 'admin1', 'f0469f3145b2822300cf7648c9e72e5f', 'HJNPlE', '37@qq.com', '1491380374', '13483095858', null, '3');
INSERT INTO `rj_member` VALUES ('32', 'admin2', '15a0f2367e72a313f855153d794c21f1', 'KjYvou', '555@qq.com', '1491380408', '13483098888', null, '3');
INSERT INTO `rj_member` VALUES ('33', 'admin3', 'e65b6a586bca0f0c6cd31b4b40a0fa1a', 'rQxTnl', '123@qq.com', '1491447118', '13483098989', null, '3');
INSERT INTO `rj_member` VALUES ('34', 'admin4', 'e0df698ca0f799f49b2b07cfcd860f11', 'KDFkmi', '123456@qq.com', '1491447137', '13486666666', null, '3');
INSERT INTO `rj_member` VALUES ('35', 'admin4', 'e0df698ca0f799f49b2b07cfcd860f11', 'KDFkmi', '123456@qq.com', '1491447137', '13486666666', null, '3');

-- ----------------------------
-- Table structure for rj_merchant
-- ----------------------------
DROP TABLE IF EXISTS `rj_merchant`;
CREATE TABLE `rj_merchant` (
  `id` int(11) NOT NULL AUTO_INCREMENT,
  `email` varchar(255) NOT NULL COMMENT '商户邮箱',
  `name` varchar(255) DEFAULT NULL,
  PRIMARY KEY (`id`)
) ENGINE=MyISAM AUTO_INCREMENT=13 DEFAULT CHARSET=gbk;

-- ----------------------------
-- Records of rj_merchant
-- ----------------------------
INSERT INTO `rj_merchant` VALUES ('12', '13559114128', '商户合作微信');
INSERT INTO `rj_merchant` VALUES ('10', 'hbaojin@sina.com', '商户合作邮箱');

-- ----------------------------
-- Table structure for rj_reply
-- ----------------------------
DROP TABLE IF EXISTS `rj_reply`;
CREATE TABLE `rj_reply` (
  `id` int(11) NOT NULL AUTO_INCREMENT,
  `softid` int(11) NOT NULL COMMENT '软件id',
  `reply` varchar(255) NOT NULL COMMENT '回复内容',
  `time` int(10) NOT NULL,
  `cid` int(10) NOT NULL COMMENT '留言id',
  PRIMARY KEY (`id`)
) ENGINE=MyISAM AUTO_INCREMENT=18 DEFAULT CHARSET=gbk;

-- ----------------------------
-- Records of rj_reply
-- ----------------------------
INSERT INTO `rj_reply` VALUES ('2', '41', '这是什么鬼', '1504516591', '26');
INSERT INTO `rj_reply` VALUES ('3', '41', 'zhejushiai', '1504518103', '36');
INSERT INTO `rj_reply` VALUES ('5', '41', 'aaa', '1504580011', '37');
INSERT INTO `rj_reply` VALUES ('6', '48', 'dfasfsadsf', '1504837560', '39');
INSERT INTO `rj_reply` VALUES ('7', '48', '我也不知道这是什么', '1504837585', '40');
INSERT INTO `rj_reply` VALUES ('8', '48', '你到底想怎么办!', '1504837860', '59');
INSERT INTO `rj_reply` VALUES ('9', '48', '这样的很好!', '1504860524', '60');
INSERT INTO `rj_reply` VALUES ('10', '48', '你会怎么办!', '1504860531', '63');
INSERT INTO `rj_reply` VALUES ('11', '2', '喜欢就好!', '1504860648', '67');
INSERT INTO `rj_reply` VALUES ('12', '41', '最新版本的!', '1504860677', '68');
INSERT INTO `rj_reply` VALUES ('13', '41', '好的!', '1505464825', '69');
INSERT INTO `rj_reply` VALUES ('14', '2', '就这么干!', '1505468982', '70');
INSERT INTO `rj_reply` VALUES ('15', '2', '就这么干!', '1505469170', '70');
INSERT INTO `rj_reply` VALUES ('16', '2', 'asafsf', '1505469298', '71');
INSERT INTO `rj_reply` VALUES ('17', '49', '好吧!', '1505470291', '72');

-- ----------------------------
-- Table structure for rj_title
-- ----------------------------
DROP TABLE IF EXISTS `rj_title`;
CREATE TABLE `rj_title` (
  `id` int(11) NOT NULL AUTO_INCREMENT,
  `title` varchar(255) NOT NULL,
  `url` varchar(255) NOT NULL,
  PRIMARY KEY (`id`)
) ENGINE=MyISAM AUTO_INCREMENT=2 DEFAULT CHARSET=gbk;

-- ----------------------------
-- Records of rj_title
-- ----------------------------
INSERT INTO `rj_title` VALUES ('1', '耕耘网', '/title/images/20170917/18bc3fb5955e4a52529b7952d6ee2a34.jpg');
